{"cameraMode":{"drawMode":0,"name":"Shaded","section":"Shading Mode"},"sceneLighting":true,"audioPlay":false,"sceneViewState":{"showFog":true,"showMaterialUpdate":false,"showSkybox":true,"showFlares":true,"showImageEffects":true,"showParticleSystems":true},"in2DMode":false,"pivot":{"x":32.132747650146487,"y":-11.498779296875,"z":48.394805908203128},"rotation":{"x":-0.3058297038078308,"y":-0.0008593155653215945,"z":0.00027599575696513057,"w":-0.9520865082740784},"size":221.6742706298828,"orthographic":false}